Algorithm,SSE,Silhouette,Davies-Bouldin,Calinski-Harabasz,K
K-means-QLDE (Paper),19705.11958361608,0.2396442499476725,1.4287868407330995,1137.6579529566777,6
